Workbook

Sheet Monitoring
B1: NO | C1: Judul Pekerjaan | D1: Projeck | E1: User | F1: Proses Kontrak | G1: Eksekutor | H1: DMR/TOR/ Spsifikasi | I1: LOI | J1: Nomor Informasi Harga Mitra | K1: IH Sebelum PPN | L1: IH Setelah PPN | M1: Undangan PL | N1: Kontrak IPS | O1: Nilai Kontrak Sebelum PPN (IPS) | P1: Nilai Kontrak Setelah PPN (IPS) | Q1: Mulai Pekerjaan (tanggal) | R1: Berakhir Pekerjaan (tanggal) | S1: Addendum Kontrak | T1: Ket. Addendum | U1: BAST/TUG | V1: Invoice | W1: Nilai Invoice Sebelum PPN | X1: Nilai Invoice Setelah PPN | Y1: DENDA | Z1: PEMBAYARAN PIPS | AA1: Nama Vendor | AB1: Nomor Kontrak Vendor | AC1: Nilai Kontrak Mitra Sebelum PPN | AD1: Nilai Kontrak Mitra Setelah PPN | AE1: BA Vendor | AF1: Nilai BA Vendor Setelah PPN | AG1: DENDA2 | AH1: PEMBAYARAN MITRA | AI1: MARGIN | AJ1: Kendala | AK1: Periode Penagihan | AL1: STATUS | AM1: STATUS PEMBAYARAN
B2: SEMESTER I
B3: 0 | D3: IPS | E3: EP | F3: TERKONTRAK IP | G3: MITRA
B4: 1 | C4: JASA SEWA ALAT BERAT TAHUN 2026 (JANUARI) | D4: IPS | E4: EP | F4: TERKONTRAK IP | G4: MITRA | N4: 041/PJ/1/IPS/2025 | O4: 1167203300 | P4: 1295595663 | U4: 004.BAST/631/JRJEP/2026 | W4: 1167203300 | X4: 1295595663 | AA4: PT CANDRA WIJAYA UTAMA | AE4: 004.BAPP/631/JRJEP/2026 | AL4: SELESAI | AM4: PAYMENT
B5: 2 | C5: JASA SEWA ALAT BERAT TAHUN 2026 (FEBRUARI) | D5: IPS | E5: EP | F5: TERKONTRAK IP | G5: MITRA | N5: 041/PJ/1/IPS/2025 | O5: 1155889300 | P5: 1283037123 | U5: 008.BAST/631/JRJEP/2026 | W5: 1155889300 | X5: 1283037123 | AA5: PT CANDRA WIJAYA UTAMA | AE5: 008.BAPP/631/JRJEP/2026 | AL5: SELESAI | AM5: PAYMENT
B6: 3 | C6: JASA SEWA ALAT BERAT TAHUN 2026 (MARET) | D6: IPS | E6: EP | F6: TERKONTRAK IP | G6: MITRA | N6: 041/PJ/1/IPS/2025 | O6: 1167203300 | P6: 1295595663 | AA6: PT CANDRA WIJAYA UTAMA | AE6: 013.BAPP/631/JRJEP/2026 | AL6: SELESAI | AM6: PAYMENT
B7: 4 | C7: JASA SEWA ALAT BERAT TAHUN 2026 (APRIL) | D7: IPS | E7: EP | F7: TERKONTRAK IP | G7: MITRA | N7: 041/PJ/1/IPS/2025 | O7: 1148013300 | P7: 1274294763 | AA7: PT CANDRA WIJAYA UTAMA | AE7: 020.BAPP/631/JRJEP/2026 | AL7: SELESAI | AM7: PAYMENT
B8: 5 | C8: JASA SEWA ALAT BERAT TAHUN 2026 (MEI) | D8: IPS | E8: EP | F8: TERKONTRAK IP | G8: MITRA | N8: 041/PJ/1/IPS/2025 | O8: 977065000 | P8: 1084542150 | AA8: PT CANDRA WIJAYA UTAMA | AL8: SELESAI | AM8: PAYMENT
B9: 6 | C9: JASA SEWA ALAT BERAT TAHUN 2026 (JUNI) | D9: IPS | E9: EP | F9: TERKONTRAK IP | G9: MITRA | N9: 041/PJ/1/IPS/2025 | O9: 1128353800 | P9: 1252472718 | AA9: PT CANDRA WIJAYA UTAMA | AL9: SELESAI | AM9: PAYMENT
B10: 7 | C10: JASA SEWA ALAT BERAT TAHUN 2026 (JULI) | D10: IPS | E10: EP | F10: TERKONTRAK IP | G10: MITRA | N10: 041/PJ/1/IPS/2025 | O10: 1126504300 | P10: 1250419773 | AA10: PT CANDRA WIJAYA UTAMA | AL10: SELESAI | AM10: PAYMENT
B11: 8 | C11: JASA SEWA ALAT BERAT TAHUN 2026 (AGUSTUS) | D11: IPS | E11: EP | F11: TERKONTRAK IP | G11: MITRA | N11: 041/PJ/1/IPS/2025 | AA11: PT CANDRA WIJAYA UTAMA | AL11: MENUNGGU BA TTD DARI MITRA | AM11: PROSES
B12: 9 | C12: JASA SEWA ALAT BERAT TAHUN 2026 (SEPTEMBER) | D12: IPS | E12: EP | F12: TERKONTRAK IP | G12: MITRA | N12: 041/PJ/1/IPS/2025 | AA12: PT CANDRA WIJAYA UTAMA
B13: 10 | C13: JASA SEWA ALAT BERAT TAHUN 2026 (OKTOBER) | D13: IPS | E13: EP | F13: TERKONTRAK IP | G13: MITRA | N13: 041/PJ/1/IPS/2025 | AA13: PT CANDRA WIJAYA UTAMA
B14: 11 | C14: JASA SEWA ALAT BERAT TAHUN 2026 (NOVEMBER) | D14: IPS | E14: EP | F14: TERKONTRAK IP | G14: MITRA | N14: 041/PJ/1/IPS/2025 | AA14: PT CANDRA WIJAYA UTAMA
B15: 12 | C15: JASA SEWA ALAT BERAT TAHUN 2026 (DESEMBER) | D15: IPS | E15: EP | F15: TERKONTRAK IP | G15: MITRA | N15: 041/PJ/1/IPS/2025 | AA15: PT CANDRA WIJAYA UTAMA
B16: 13 | C16: JASA ANNUAL INSPECTION MCC CABINET ASH HANDLING UNIT 2 UBP JERANJANG TAHUN 2026 | D16: IPS/MRO | E16: EP | F16: TERKONTRAK IP | G16: MRO | K16: 634748000 | L16: 704570280 | M16: 011.UND/DAN.01.02/JRJ/2026 | N16: 0004.PJ/DAN.01.02/PLNIP210000/2026 | O16: 634748000 | P16: 704570280 | Q16: 14 hari kalender | AA16: MRO | AL16: SELESAI | AM16: PAYMENT
B17: 14 | C17: JASA PM CRANE UNIT 1 DAN 2 UBP JERANJANG | D17: IPS | E17: HAR | F17: TERKONTRAK IP | G17: MITRA | K17: 831775000 | L17: 923270250 | O17: 812094215 | P17: 901424579 | U17: 035.BAPP/631/JRJH/2026 (03 Juli 2026) | AA17: PT SINERGI ADI PRATAMA | AL17: SELESAI | AM17: PROSES PAYMENT DI KEU UNIT IP
B18: 15 | C18: PENGADAAN MATERIAL INSTRUMENT UBP JERANJANG TAHUN 2026 | D18: IPS | E18: HAR | F18: CANCEL | G18: MITRA | K18: 300000000 | L18: 333000000 | AL18: CANCEL | AM18: CANCEL
B19: 16 | C19: JASA PERBAIKAN FLUID COUPLING DAN POMPA BFP | D19: IPS | E19: HAR | F19: TERKONTRAK IP | G19: KSO MATRA | AA19: KSO MATRA | AL19: 1. Menunggu BA dari user (laporan pekerjaan sudah di mba desi) | AM19: PROSES
B20: 17 | C20: PENGADAAN MATERIAL POMP IWP DAN HPP UNIT 12 | D20: IPS | E20: HAR | F20: TERKONTRAK IP | G20: IPS | K20: 538990200 | L20: 598279122 | O20: 520079000 | P20: 577287690 | Q20: 30 Hari kalender | AA20: PT GROUNDFOUS | AB20: 219.1/SPB/01/PIPS/2025 | AC20: 430890000 | AD20: 478287900 | AL20: 1. Menunggu BA dari tim Mas reza dibuatkan surat ke subcon terkait garansi 2. Laporan Pekerjaan di user untuk (pembuatan BA) | AM20: PROSES
B21: 18 | C21: JASA ANNUAL INSPEKTION BC ENERGI PRIMER PLTU JERANJANG TAHUN 2026 | D21: IPS | E21: EP | F21: MENUNGGU PELAKSANAAN | G21: MRO | J21: 0984/DAN.01.02/PIPS040000/2026 | K21: 1245778000 | L21: 1382813580 | AB21: 0984/DAN.01.02/PIPS040000/2026 | AL21: 1. Menunggu Arahan dari user untuk pelaksanaan 2. IH sudah di berikan ke user | AM21: PROSES
B22: 19 | C22: PENGADAAN JASA REHABILITASI CCM SULZER 12 ZV 40/48 UNIT #2 ULPLTD AMPENAN PT PLN (PERSERO) UNIT INDUK WILAYAH NTB | D22: IPS | E22: PLN | F22: TERKONTRAK IP | G22: MRO | K22: 4892799000 | L22: 5431006890 | O22: 4892799000 | P22: 5431006890 | Q22: 40 hari kalender | AA22: PT PLN IPS | AB22: 0025.PJ/DAN.01.03/F19040000/2025 | AL22: SELESAI
B23: 20 | C23: PENGADAAN SLAG CONTROL AND CORROSION INHIBITION ADDITIVE; BULK DENSITY:1121 KG/M3, POWDER WITH MAGNESIUM ACTIVE INGREDIENTS, KEMASAN @15 KG/PAIL | D23: IPS | E23: OPERASI | F23: WAITHING | G23: MITRA
B24: 21 | C24: PENGADAAN MATERIAL TUBE PEMELIHARAAN AREA TURBINE TAHUN 2026 | D24: IPS | E24: HAR | F24: WAITHING | G24: MITRA | AA24: PT RIZA UTAMA TEKNIK | AL24: 1. MENUNGGU KONTRAK ASLI DARI HO 2. PROSES PEMASUKAN DOKUMEN KE PBJ | AM24: PROSES
B25: 22 | C25: JASA PEKERJAAN LANTAI RUANGAN K3 UBP JERANJANG | D25: IPS | E25: K3 | F25: WAITHING | G25: MITRA | AA25: PT SANYON BAGUN LESTARI | AL25: PROSES PERMINTAAN PH DARI MITRA | AM25: PROSES
B26: 23 | C26: JASA PERBAIKAN WINDBOX HSB UNIT 1 UBP JERAJANG TAHUN 2026 | D26: IPS | E26: HAR | F26: ON PROSES | G26: MITRA | K26: 205620545 | L26: 228238805 | N26: 0125.SPK/DAN.01.02/PLNIP210000/2026 (04 September 2026) | O26: 241869175 | P26: 268474784 | Q26: 20 (Dua Puluh) hari kalender sejak diterbitkan Surat Perintah Mulai Kerja (SPMK) | R26: 31 Desember 2026. | AA26: PT ASA BATUR LOMBOK | AL26: 1. Menunggu Kontrak di ttd di PBJ dan MU 2. ijin permit (menunggu dok lengkap dari mitra) | AM26: ON PROSES
B27: 24 | C27: PENGADAAN BAHAN KIMIA UBP JERANJANG | D27: IPS | E27: OPERASI | F27: WAITHING | G27: MITRA | AA27: PT MINDOR | AL27: MENUNGGU PELAKSANAAN DARI USER | AM27: MENUNGGU INFO USER
B28: 25 | C28: PERKAJAAN GEDUNG SAFETY CENTER | D28: IPS | E28: K3 | F28: PROSES | G28: MITRA | K28: 2000000 | L28: 1200000 | N28: 0125.SPK/DAN.01.02/PLNIP210000/2026 (04 September 2026) | O28: 241869180 | P28: 268474790 | Q28: 20 (Dua Puluh) hari kalender sejak diterbitkan Surat Perintah Mulai Kerja (SPMK) | R28: 31 Desember 2026. | AA28: PT ASA BATUR LOMBOK | AL28: 1. Menunggu Kontrak di ttd di PBJ dan MU 2. ijin permit (menunggu dok lengkap dari mitra) | AM28: ON PROSES
B29: 26 | D29: IPS
B30: 27 | D30: IPS
B31: 28 | D31: IPS
B32: 29 | D32: IPS
B33: 30 | D33: IPS
B34: 31 | D34: IPS
B35: 32 | D35: IPS
B36: 33 | D36: IPS
B37: 34 | D37: IPS
B38: TOTAL | K38: =SUM(K4:K27) -> 8649710745 | L38: =SUM(L4:L27) -> 9601178927 | O38: =SUM(O4:O27) -> 14971821690 | P38: =SUM(P4:P27) -> 16618722076 | W38: =SUM(W4:W21) -> 2323092600 | X38: =SUM(X4:X21) -> 2578632786 | Y38: =SUM(Y4:Y21) -> 0 | Z38: =SUM(Z4:Z21) -> 0 | AC38: =SUM(AC4:AC21) -> 430890000 | AD38: =SUM(AD4:AD21) -> 478287900 | AF38: =SUM(AF4:AF21) -> 0

Sheet PENCAPAIAN
C5: TARGET TAHUN 2026 | D5: REALISASI TAHUN 2026 | E5: TARGET SMESTER 1 | F5: Pencapaian s.d Juli 2026 | G5: TARGET SMESTER 2 | H5: Pencapaian s.d Desember 2026
C6: 24000000000 | D6: =Monitoring!P38 -> 16618722076 | E6: 13100000000 | F6: =Monitoring!P38 -> 16618722076 | G6: 22610000000 | H6: =Monitoring!P38 -> 16618722076
C7: 1 | D7: =(D6/C6) -> 0.69244675 | E7: 1 | F7: =F6/E6 -> 1.2686047 | G7: 1 | H7: =H6/G6 -> 0.73501646
C8: DEVIASI | D8: REALISASI | E8: DEVIASI | F8: Pencapaian s.d Juli 2026 | G8: DEVIASI | H8: Pencapaian Smester 2 s.d Desember 2025
C9: =C6-D6 -> 7381277924 | D9: =D6 -> 16618722076 | E9: =F6-E6 -> 3518722076 | F9: =F6 -> 16618722076 | G9: =G6-H6 -> 5991277924 | H9: =H6 -> 16618722076
C10: =D7-C7 -> -0.30755325 | D10: =D7 -> 0.69244675 | E10: =F7-E7 -> 0.26860474 | F10: =F7 -> 1.2686047 | G10: =H7-G7 -> -0.26498354 | H10: =H7 -> 0.73501646
C15: Target 2026 | D15: Realisasi 2026 | E15: Deviasi
C16: 24000000000 | D16: =Monitoring!P38 -> 16618722076 | E16: =C16-D16 -> 7381277924
C17: 1 | D17: =(D16/C16) -> 0.69244675 | E17: =D17-C17 -> -0.30755325
C19: Target Semester 1 | D19: Pencapaian Smester 1 | E19: Deviasi
C20: =C16 -> 24000000000 | D20: =Monitoring!P38 -> 16618722076 | E20: =C20-D20 -> 7381277924
C21: 1 | D21: =D20/C20 -> 0.69244675 | E21: =D21-C21 -> -0.30755325
C24: Target Semester 2 | D24: Pencapaian Smester 2 | E24: Deviasi
C25: 24000000000 | D25: =Monitoring!P38 -> 16618722076 | E25: =C25-D25 -> 7381277924
C26: 1 | D26: =D25/C25 -> 0.69244675 | E26: =D26-C26 -> -0.30755325

Sheet Monitoring Akumulatif 
B1: NO | C1: Judul Pekerjaan | D1: User | E1: Kontrak | F1: Nilai Kontrak Setelah PPN | G1: Nama Vendor | H1: Kontrak Vendor | I1: Nilai Kontrak Mitra Setelah PPN | J1: STATUS
B2: 1 | C2: JASA SEWA ALAT BERAT TAHUN 2026 | D2: EP | G2: PT CANDRA WIJAYA UTAMA | H2: 041/PJ/1/IPS/2025 | I2: 15547147956 | J2: TERKONTRAK
B3: 2 | C3: JASA ANNUAL INSPECTION MCC CABINET ASH HANDLING UNIT 2 UBP JERANJANG TAHUN 2026 | D3: EP | G3: KSO IPS | H3: 0004.PJ/DAN.01.02/PLNIP210000/2026 | I3: 704570280 | J3: PROSES PEKERJAAN
B4: 3 | C4: JASA PM CRANE UNIT 1 DAN 2 UBP JERANJANG | D4: HAR | G4: PT SINERGI ADI PRATAMA | H4: 2086/DAN.01.01/PIPS/040000/2025 | I4: 971250000 | J4: PROSES PEKERJAAN
B5: 4
B6: 5
B7: 6
B8: TOTAL | F8: =SUM(F2:F7) -> 0 | G8: =SUM(G2:G7) -> 0 | H8: =SUM(H2:H7) -> 0 | I8: =SUM(I2:I7) -> 17222968236
F65: =SUM(F3:F57) -> 0 | G65: =SUM(G3:G57) -> 0 | H65: =SUM(H3:H57) -> 0 | I65: =SUM(I3:I57) -> 18898788516

Sheet Grafik akumulatif
C3: KUMULATIF 2025
C5: TARGET TAHUN 2026 | D5: REALISASI TAHUN 2026 | E5: TARGET SMESTER 1 | F5: Pencapaian s.d Juni 2026 | G5: TARGET SMESTER 2 | H5: Pencapaian s.d September 2026
C6: 24000000000 | D6: ='Monitoring Akumulatif '!I8 -> 17222968236 | E6: 13100000000 | F6: 22290502756 | G6: 22610000000 | H6: =D6 -> 17222968236
C7: 1 | D7: =(D6/C6) -> 0.71762368 | E7: 1 | F7: =F6/E6 -> 1.7015651 | G7: 1 | H7: =H6/G6 -> 0.76174119
C8: DEVIASI | D8: REALISASI | E8: DEVIASI | F8: Pencapaian s.d Juni 2026 | G8: DEVIASI | H8: Pencapaian s.d September 2025
C9: =C6-D6 -> 6777031764 | D9: =D6 -> 17222968236 | E9: =F6-E6 -> 9190502756 | F9: =F6 -> 22290502756 | G9: =H6-G6 -> -5387031764 | H9: =H6 -> 17222968236
C10: =D7-C7 -> -0.28237632 | D10: =D7 -> 0.71762368 | E10: =F7-E7 -> 0.7015651 | F10: =F7 -> 1.7015651 | G10: =H7-G7 -> -0.23825881 | H10: =H7 -> 0.76174119
D12: 2396545307
F13: =D6+D12 -> 19619513543
C15: Target 2026 | D15: Realisasi 2025 | E15: Deviasi | F15: =F13/C6 -> 0.81747973
C16: =C6 -> 24000000000 | D16: =D6 -> 17222968236 | E16: =C9 -> 6777031764
C17: =C7 -> 1 | D17: =D7 -> 0.71762368 | E17: =C10 -> -0.28237632
C19: Target Semester 1 | D19: Pencapaian Smester 1 | E19: Deviasi
C20: =E6 -> 13100000000 | D20: =F6 -> 22290502756 | E20: =E9 -> 9190502756
C21: =E7 -> 1 | D21: =F7 -> 1.7015651 | E21: =E10 -> 0.7015651
C24: Target Semester 2 | D24: Pencapaian Smester 2 | E24: Deviasi
C25: =G6 -> 22610000000 | D25: =H6 -> 17222968236 | E25: =G9 -> -5387031764
C26: =G7 -> 1 | D26: =H7 -> 0.76174119 | E26: =G10 -> -0.23825881

Sheet POTENSI 2025 DAN 2026
C3: POTENSI PENDAPATAN
C4: JUDUL | D4: POTENSI NILAI | E4: PERIODE
C5: JASA SEWA ALAT BERAT 2026 | D5: 18426000000 | E5: 2026
C6: PENGADAAN BAHAN KIMIA | D6: 137640000 | E6: 2026
C7: JASA ANNUAL INPECTION COAL HANDLING UBP JERANJANG TAHUN 2026 | D7: 1533871704 | E7: 2026
C8: INDUSTRIAL CLEANING ISS | D8: 4187193282
C9: JASA PREVENTIVE MAINTANANCE SERVICE PERIODIC OHC TAHUN 2026 | D9: 375180000 | E9: 2026
C10: PENGADAAN MEMBRANE CATRIDGE FILTER | D10: 968601052 | E10: 2026
C11: TOTAL | D11: =SUM(D5:D10) -> 25628486038

Sheet PENAGIHAN
A2: A | B2: DOK KE AFNI (PENERBITAN SURAT PERMOHONAN, INVOICE)
B3: 1. BAPP DAN BAST (DARI USER)
B4: 2. KONTRAK SUDAH DI SIGN
B5: 3. DI EMAIL KALAU SUDAH LENGKAP
A7: B | B7: DOK DARI ANNAS / FITRIA (PENERBITAN DOK )
B8: 1. BAST DAN BAPP DARI USER (UNTUK TTD DIREKSI DAN KEMBALI LAGI KE UNIT)
B9: 2. SURAT PERNYATAAN GARANSI MATERIAL (100%)
A11: C | B11: DOK KE GUDANG
B12: 1. ASLI SURAT PERNYATAAN KEASLIAN
